hour,battery,curtailment,demand
1,0.0,0.0,2335.445205479452
2,0.0,0.0,2335.445205479452
3,0.0,0.0,2806.5867575342468
4,0.0,0.0,2806.5867575342468
5,0.0,0.0,2806.5867575342468
6,1221.18047502544,0.0,3271.0159821917805
7,1339.2072850254403,0.0,3271.0159821917805
8,1546.409907025441,0.0,3271.0159821917805
9,1444.1669594637965,0.0,2806.5867575342468
10,880.2610894637959,0.0,2806.5867575342468
11,0.0,0.0,2806.5867575342468
12,0.0,0.0,2335.445205479452
