demand,battery,curtailment
2335.445205479452,204.78677982616566,79.15054212306839
2335.445205479452,0.0,170.36983309050947
2806.5867575342468,0.0,0.0
2806.5867575342468,0.0,0.0
2806.5867575342468,204.78677982616566,0.0
3271.0159821917805,0.0,0.0
3271.0159821917805,0.0,0.0
3271.0159821917805,0.0,0.0
2806.5867575342468,0.0,0.0
2806.5867575342468,0.0,0.0
2806.5867575342468,0.0,0.0
2335.445205479452,0.0,608.4158615455897
